{"nodesInLayer": [10, 10, 10, 10, 10], "weights": [[[0.10230979459820247, -0.40332022628962705, -0.6801007997121572, -1.1504224638866032, -0.07192021590338489, -0.3392466989577806, -0.04863369247601485, 0.639937834173355, 0.9347011381248685, -0.2353705955752191], [-0.7642317356445296, 1.5007413614628184, 0.18393453785762234, -0.7457232102471456, 1.165251146538512, -0.17406179898517365, 1.8085729157703694, 1.1310003870332013, 0.479130546232195, -0.597826744573574], [0.29501364095998545, 1.4698809432505595, 0.5252576468554466, -0.8288900307013535, 1.0098975995683923, 0.31572022281647827, 0.15550448977219755, 0.26447074990111935, -0.7493586397515322, -1.0896163929924236], [-1.7052174106022204, 0.7863195271611517, -1.2830786963469374, -0.5867598934246233, -0.4145940860992867, 0.21099221796365344, -0.29970603882434704, 0.4250397679512716, -0.8111195462718525, -1.0463273467569365], [-1.9732436706767096, 0.4231860566918489, -1.924736113554345, -0.6084897889721079, 0.35296746034071247, 0.792356272320213, 0.4469778011247934, 0.9303064154278586, -0.5167263818272539, 0.4526211487382709], [-1.1951083401931497, -0.9202022330096652, 0.4305519695624379, -0.28897862790801554, -0.4517973810449896, 0.7558336176536875, 0.2933402716771605, -0.1715038606873569, -1.5496540397988465, -0.5933485697115461], [-1.084155607295035, 0.6152709321358028, 0.7891101657587791, 0.08959597174347488, -2.379902937195293, 0.6553256518742322, 0.08849200486504485, -0.40834963519619233, 0.9823237918993114, 0.43365582993372814], [1.1168148937232316, -0.09327337389124139, -0.5233001988166986, 0.8580644661460364, 1.1218152490909994, -0.20143746333798038, 1.3617783768975649, 1.0382837055671108, -0.08058379258647373, -0.30510748580962654], [-0.867588862475964, 0.23535395696613046, -1.3895333442159374, -0.6068653148558076, 2.450208319215112, -1.9558221708879449, -0.8806919242169836, 1.2003154631752866, -2.2084739059689014, 0.7733846663581488], [-0.021316631076932907, 1.1341355226599263, -0.22842541343744216, 0.9947599718471808, 0.06753955363317916, 1.7013083191333116, 3.009655206855931, 0.7213107933717354, -1.9913337974382435, -0.3590567642201274]], [[1.3489027043918498, -0.03161933489383393, -0.7593832689874827, 0.6708140646492391, 1.682028140319575, -0.3569914442960911, 0.5525207894157425, -0.10486422340741475, -0.18118566141033352, -0.7667815001238913], [-1.2419088291430707, -0.7985922317582979, 0.718725508901982, -0.4394175568813487, 0.6312328177345569, 0.9259573494557908, -1.074359642396094, -1.1188546767770633, 0.40557643580710034, 1.7605567053359674], [1.7331284166859788, -2.000111478388936, -0.2462424685631037, -1.4513691095028762, 1.1142094909384896, 1.0243638213665631, 0.14496387509798234, -0.2364457469551765, -1.7080103956709205, 1.513701189280123], [0.6015136886224062, 0.7861915453872637, -0.4378694530471242, -0.10175064884774279, -0.6409973058998247, -0.13810961678275205, -0.8790670998365504, -0.05928879242076301, 0.21152488449021825, -0.6449488599345854], [0.164376035915548, 1.5792859190744293, 0.663217979168417, 0.6409745436118272, 0.9849374984638061, 0.5832877365753457, 1.9486519577262198, 2.4945733760987565, -0.4298065463172987, -0.2227163832837928], [-0.9645311505307815, -0.6038762356087779, 0.2963305236800411, -0.47769141291795886, 0.49438921291941584, -1.8415964420184805, -1.4725891261141932, 0.8158920232589476, 0.047379536264667725, 0.21815003162323215], [-1.0890242275018713, 0.4639190857584067, 0.5464687458361962, 0.14998562012800953, -1.0815233139182152, -0.530238522937059, -1.6205015809947187, 0.47673868772209954, -0.10567085769234782, -0.8056112615958866], [1.686622859171665, 0.28203755511979833, 2.59498308895498, 1.8369635512100275, -0.25270351392601637, -0.07206222740027057, 0.17063818886198337, 0.3991616879239676, 0.059454106171035484, -0.9488446428639599], [-0.558385207742884, 0.6551010481822583, -0.7298362555085103, 1.1021031056730208, -0.1242542191114121, 0.9181394593524803, 0.9004110386032737, -0.9498501656092788, -0.42719015777400415, 0.20792853951691292], [1.117847453130523, 0.1555027006866338, -0.9476644223942574, -0.6678911169897428, -1.2656038410941426, -0.586036647835733, 0.08077273044375888, -0.34040139014801823, 0.27820266408120187, -0.29126375510141395]], [[-1.0734144522940803, 0.6101732262078208, 0.3673414491204156, 0.04035930946078012, -0.18066518282484023, 1.269033849936822, -0.6158603013340824, 1.7187740413807429, -0.09312485967873659, -0.1825655493926987], [-1.0639104074718622, 1.0875488777217892, 0.7417320920668273, 0.21816477461042474, -0.3271176741581422, 0.0489819709266624, -0.17322984061361207, -0.26842630675478074, 0.8073467603512815, 0.6316764860510214], [0.9094031292920909, 1.1422503885450839, 1.0905213834034144, -0.2502997539830555, -0.615073499937433, -0.1779107576102741, -2.2998391867113694, -0.06049776616404428, -1.1732307378365696, 0.22157348989918782], [-1.4125037341199829, 0.17024873133939863, -0.27115733556071014, 0.7829241076362216, 0.31721059062811785, -1.1878883293690776, 1.4810099535813717, 0.024496071761784297, 1.2723933872533175, -0.246333583472631], [-0.38587213200094905, -0.28669520093539397, -0.08145967648524144, -0.16210763007780543, -2.275728728159511, 1.7365342607138252, 2.2544331734247467, -2.1571615953550456, -0.19753691041977312, -1.6351734065846775], [-1.6407086759805163, 0.7281002596844013, 1.0137979077195105, 0.13844751726886192, 0.8154065738519427, 1.7411526863836195, -1.0768622524291074, 0.25593403054479474, -0.4648249279283305, 0.38498131356161536], [-1.7028051560799888, -0.5520544454711114, 1.4306809945491108, 0.33935495271285604, 0.4606413197426783, 0.027353513486531023, -0.626474176714426, -0.8370781506662522, -0.6754267351929067, -0.26303809090163793], [-1.0108267464493437, 0.11008873399898274, -1.7287046705150406, 1.9662473183282028, 0.3933423688369179, 0.7887123158152298, -0.8321609577541204, 0.6963589913530173, 1.356467321472269, 0.8662887920696585], [0.9102515267325311, -0.43615024066231606, -1.0741599889972826, 0.8887940011668634, 0.32925334293386943, -1.0070211187116556, -0.12554717263161821, 1.694020554605597, 0.8075423743145371, -2.7678312476242337], [-0.15713382020794373, -0.1792027604358529, -0.6279603736045812, -0.6894325273155184, -1.9669661623476038, -0.0340996006703055, 0.1412976945537129, -1.2905051494698554, 1.9925735874118247, 0.7782637624811208]], [[0.4573932360344677, -0.4933554993650048, 0.09449102949070756, -0.6737832156834226, -0.04419636461053008, -1.0963681417586153, 0.6897709847172011, -1.4175220302197902, -0.02585952358597596, -1.5258167222563541], [0.28762700629638105, 0.8565816233226929, 0.028971947682526193, 0.6765931771007617, 0.13924385028645417, 0.27330981245141295, -0.5197037820324452, -1.4796617177667661, -1.428666880533021, -1.6414399953606291], [1.5999892745132072, -0.047735935818518746, -0.6554290593937978, 0.049934071101199774, -0.9460293923254599, 0.2577651481100964, -0.2979553538247959, -1.3066485718073528, 2.384642383026663, 0.24829700468346635], [-0.20484525280527133, 0.8503304942866335, 0.09022691267242496, 2.0410877658000883, -0.8240047222718059, -0.026640766807480856, 0.21027642405644378, -0.09835393475973193, 1.1920014620898396, 1.5710323844310075], [0.6370808431505411, 0.43850584888943217, -1.641650182670666, 0.9921625466798741, -0.09336294378565643, -0.06215368168503887, -0.04445141905862954, 0.259555904060676, 1.3660765582166572, -0.6743786488385805], [0.32136463121778486, -0.3374513572903088, -2.250982799707756, -0.005950548257411554, -0.3471638211596939, -0.9432442920989245, -0.6282954821435329, -1.3879339385889942, 1.0832418533905026, -0.48163827190463215], [-0.4983033561392997, 1.8969216013752612, -0.9577567827108449, -0.15851327461361914, 1.3946288475761939, -1.2762543319468276, -1.1350592905917982, -0.41909212300923354, -0.5746927877533752, 0.8771045966643675], [-0.838438441222047, -0.4662318491424587, -1.6352785620431003, 0.18770770738732237, -0.20071026551226262, 0.8618347913956651, -0.008476763857988536, -1.9778817663687327, 0.3973396283673107, 